58097,-3.20395,-1.94336,-8.90846,4.82652,-8.27964,-1.41951
58115,-3.28929,-1.962,-8.90454,4.98446,-8.15015,-1.3734
58131,-3.2991,-1.97672,-8.92318,5.03253,-8.23648,-1.3685
58148,-3.16569,-2.10228,-9.25966,5.01781,-8.41894,-1.69615
58164,-3.13233,-2.10228,-9.27339,5.00408,-8.37578,-1.85507
58290,-3.02737,-2.5349,-8.96045,4.84614,-8.25119,-2.03263
58307,-2.97047,-2.53,-9.10074,4.81181,-8.26492,-2.00909
58324,-2.96556,-2.26022,-9.17039,4.71174,-8.33752,-2.00909
58341,-2.95575,-2.34263,-9.00264,4.70193,-8.261,-1.9208
58362,-3.06072,-2.30829,-9.13311,4.89421,-8.32771,-1.88254
58379,-3.11271,-2.37108,-9.18412,5.06588,-8.31299,-1.89725
58396,-3.25594,-2.3181,-9.38032,5.22873,-8.49644,-1.92472
58412,-3.18923,-2.24159,-9.43232,5.16202,-8.48663,-1.81779
58434,-3.42271,-1.85213,-9.06346,5.215,-8.30417,-1.28903
58451,-3.63264,-1.52447,-8.72698,5.31506,-7.95199,-0.807363
58468,-3.73761,-1.29884,-8.54451,5.40139,-7.70674,-0.675909
58484,-3.73761,-0.977076,-8.51606,5.35332,-7.72145,-0.498348
58506,-3.59929,-0.582714,-8.59552,5.34841,-7.72145,-0.087309
58523,-3.50413,-0.135378,-8.46505,5.26307,-7.69693,0.436545
58540,-3.2942,0.043164,-8.89963,5.10022,-8.10698,0.73575
58557,-3.13724,0.003924,-8.6897,4.91775,-7.99613,0.820116
58579,-2.77917,0.20601,-8.60043,4.51064,-7.8274,0.834831
58596,-2.62712,0.192276,-8.8859,4.34779,-8.16879,0.713187
58612,-2.47016,0.124587,-9.15175,4.36153,-8.55432,0.619011
58628,-2.63693,0.018639,-9.18412,4.42431,-8.56413,0.722016
58650,-2.70756,-0.211896,-8.2973,4.48611,-7.76952,0.674928
58667,-2.64576,-0.346293,-7.46541,4.23694,-7.11519,0.610182
58684,-2.33184,-0.876033,-7.17111,3.87789,-6.71985,0.314901
58700,-1.76874,-1.4146,-7.39576,3.55711,-6.81206,-0.344331
58722,-0.711225,-1.99633,-7.98828,2.73797,-7.30256,-1.41068
58739,-0.157941,-2.21706,-7.26921,1.93748,-6.83561,-1.90216
58756,0.237402,-2.44858,-6.52169,1.32926,-5.91151,-2.25238
58772,0.390438,-2.96753,-6.07828,1.09872,-5.67116,-2.5663
58794,1.44403,-4.12609,-6.77381,0.48069,-6.54229,-3.59046
58811,1.96298,-4.64602,-7.00336,-0.213858,-6.82089,-4.3527
58828,2.17292,-5.2611,-6.71298,-0.625878,-6.51776,-5.17576
58844,2.76936,-5.83401,-6.42849,-1.13796,-6.24799,-6.07337
58866,3.4698,-7.21329,-6.30685,-1.53134,-6.11359,-7.44383
58883,4.00346,-7.9304,-5.94682,-2.52804,-6.00764,-8.75837
58899,4.57048,-7.82936,-5.69961,-2.99696,-5.7673,-9.00166
58916,4.65681,-8.12268,-4.78826,-3.21768,-5.12671,-9.07621
58938,4.93835,-8.1992,-4.27912,-3.21278,-4.69899,-8.65046
58956,5.29053,-8.03145,-4.34485,-3.42369,-4.905,-8.20116
58972,4.57538,-6.83855,-9.07229,-4.73136,-7.45168,-9.78744
58988,5.03351,-7.23782,-5.12082,-3.56299,-6.69631,-9.93066
59010,3.94656,-7.96376,-1.6265,-4.75098,-3.93283,-6.87289
59027,6.89251,-6.54033,-4.17219,-5.11984,-5.4779,-5.87717
59044,5.77711,-6.8052,-4.91972,-4.47336,-5.96939,-7.08871
59060,5.5142,-6.34805,-4.08783,-4.26735,-4.92462,-7.21035
59082,6.38239,-6.30979,-5.4524,-4.02308,-5.82518,-7.13481
59099,5.26208,-5.38667,-5.64369,-2.98813,-5.88306,-5.90562
59116,3.34129,-6.82384,-4.69507,-3.2991,-5.61819,-6.56485
59132,2.98322,-8.18546,-3.26575,-4.1614,-5.23265,-8.44445
59154,3.65521,-9.26751,-3.01363,-3.55318,-4.7657,-9.10466
59171,3.45999,-5.10218,-1.44403,-2.18763,-1.11245,-6.09201
59187,4.03191,-3.76115,-1.74324,-0.807363,-0.332559,-5.40923
59203,8.83685,-2.56826,-3.17255,-3.821,-1.7089,-4.64209
59226,8.40815,-3.90536,-2.69579,-6.04983,-2.87433,-5.43768
59243,11.0009,-3.66011,-8.27866,-7.4968,-8.70343,-4.5538
59259,7.89803,-5.34351,-1.55587,-9.88652,-4.27029,-5.6898
59276,13.9469,-7.13187,-1.19192,-12.9051,-3.58654,-7.80876
59296,7.33592,-7.01611,-1.87862,-6.30293,-3.19217,-6.62077
59314,6.40593,-8.22863,-1.25666,-6.27938,-3.38936,-7.73813
59330,7.0063,-7.12206,-0.752427,-7.0269,-2.30143,-7.44873
59347,10.1004,-6.03119,-4.6676,-6.25584,-5.39648,-6.05964
59368,9.56671,-7.14168,-3.01854,-8.18645,-5.01095,-6.5315
59386,10.7675,-5.73296,-2.3593,-9.23121,-3.58654,-7.01807
59402,10.6439,-4.23203,-2.26611,-10.121,-3.51394,-6.74241
59418,12.0163,-2.96262,-2.57022,-11.103,-4.15944,-5.15221
59440,10.8057,-4.99721,-1.19192,-10.9215,-2.69088,-6.64922
59458,11.9594,-6.41083,0.57879,-10.38,-1.59413,-7.21427
59474,12.8648,-5.65547,0.157941,-11.6494,-1.50682,-7.10735
59491,13.7752,-4.12609,-0.995715,-12.5499,-2.50351,-6.86406
59633,12.9698,-7.06418,2.26022,-12.7844,0.457146,-8.7672
59650,12.5411,-6.81893,2.28377,-12.1281,0.717111,-8.65536
59667,12.7128,-6.95921,2.66734,-11.9564,0.909387,-8.53862
59684,12.5028,-6.74732,3.11075,-12.0084,1.17916,-8.03831
59705,11.7642,-5.6849,2.86354,-11.6778,1.20271,-7.10735
59723,10.6537,-4.23694,2.5457,-10.7871,0.871128,-5.66233
59739,9.20865,-3.59242,2.68598,-9.80117,1.23214,-4.78728
59756,8.01281,-3.20297,2.37696,-8.58865,1.21742,-3.97403
59777,6.85425,-2.48684,1.54998,-6.94548,0.798534,-3.253
59795,5.8291,-2.40443,1.24685,-5.97233,0.567018,-2.67323
59811,5.56718,-3.10192,1.11638,-5.37882,0.356103,-3.31382
59827,4.88048,-3.53454,0.924102,-4.77943,0.298224,-3.59929
59849,4.31346,-4.12609,0.154017,-3.55318,-0.317844,-3.79157
59867,3.82688,-4.01621,-0.771066,-2.6281,-0.938817,-3.93577
59883,3.82688,-3.97697,-1.41166,-1.98162,-1.47346,-3.94068
59899,3.79843,-4.24184,-1.08891,-1.97672,-1.3577,-3.8102
59921,3.87986,-4.9825,-1.48131,-2.53294,-1.80602,-4.87655
59939,4.2183,-4.19378,-2.96262,-3.28929,-3.04699,-4.96975
59955,5.37686,-3.3766,-3.4335,-4.35858,-3.83179,-4.32425
59972,5.3955,-2.9479,-3.51787,-4.64111,-4.21732,-3.8102
59994,5.80556,-2.52019,-4.13001,-4.32915,-4.73234,-2.99597
60011,6.38239,-1.24587,-4.96582,-4.57342,-5.42493,-2.02282
60027,7.42127,0.845622,-5.79281,-6.35099,-6.66197,-0.516987
60044,8.78486,2.38972,-5.02272,-8.73286,-6.60017,0.94176
60066,8.58964,4.22615,-2.86452,-10.4418,-5.40139,3.08426
60083,9.60007,1.67261,-1.86881,-10.6144,-4.43412,1.34888
60100,10.9489,1.21644,-3.61597,-10.2122,-5.64664,0.74556
60116,10.8577,1.37929,-3.95245,-9.72465,-6.14302,0.880938
60138,11.4257,0.4905,-3.63951,-9.552,-5.73296,0.282528
60156,11.9496,0.336483,-3.1961,-9.84335,-5.30525,-0.236421
60172,11.5012,0.283509,-2.943,-10.2073,-5.2042,-0.194238
60188,11.1726,0.21582,-2.91553,-10.1396,-5.29053,-0.37278
60211,9.66677,-0.062784,-3.62087,-8.63182,-5.39648,-0.980019
60228,9.32342,0.051993,-4.07409,-7.90392,-5.34841,-0.956475
60244,9.04188,0.316863,-4.87263,-7.39576,-6.21954,-0.493443
60260,9.1802,0.393381,-4.78826,-7.29079,-6.23426,-0.175599
60282,9.04188,1.55783,-4.41058,-8.00888,-5.95467,0.726921
60299,8.67498,1.55783,-3.06072,-8.39245,-4.81867,0.918216
60316,8.29337,1.45188,-3.11664,-7.96082,-4.77551,1.20859
60332,8.16486,1.20663,-3.48549,-7.65474,-5.06883,0.806382
60354,8.26492,1.47542,-3.16274,-7.42911,-4.55871,0.782838
60372,8.85156,1.45188,-2.57414,-8.03341,-4.13099,0.750465
60389,9.48038,0.95157,-1.19682,-8.85745,-2.93221,0.497367
60405,10.3437,0.182466,-0.523854,-9.8718,-2.38775,-0.315882
60426,10.7626,-0.312939,0.162846,-10.5762,-1.88744,-0.751446
60443,11.359,-1.07812,0.938817,-10.945,-0.862299,-1.48523
60459,12.9551,-1.56862,0.793629,-11.5866,-0.852489,-2.19155
60475,13.37,-2.00615,1.87763,-13.0816,-0.428697,-2.60357
60498,13.3985,-2.49174,3.25103,-14.9318,0.861318,-3.63657
60515,12.546,-2.72718,3.81119,-14.3471,1.53036,-4.16042
60531,11.0539,-4.19868,4.98348,-12.8805,2.79094,-5.26895
60548,12.3459,-5.3955,4.78728,-11.9172,3.18138,-6.35884
60570,13.8615,-5.06883,5.22186,-13.2641,3.72486,-6.70514
60587,14.1519,-4.04957,6.13321,-15.128,3.97501,-6.12929
60603,13.6133,-4.78041,7.12304,-15.4635,4.41842,-6.27938
60620,12.2213,-6.65609,8.41698,-14.8641,5.6074,-7.92059
60642,11.9643,-8.68479,6.84738,-13.0483,5.1787,-10.1465
60659,12.703,-9.17529,6.13321,-12.0849,4.78924,-10.9087
60675,12.8128,-11.4777,6.3765,-12.0712,4.84712,-12.7746
60692,13.5133,-12.7716,5.58189,-13.1199,4.02406,-14.4776
60714,13.685,-12.9257,5.9841,-13.8193,4.12511,-14.9593
60731,14.0567,-13.0895,5.84382,-13.5466,4.05742,-15.2026
60748,14.8003,-13.6948,6.28723,-13.6477,4.49102,-15.642
60764,14.9858,-13.8635,6.764,-13.6997,4.9619,-16.007
60914,12.0261,-4.32327,9.88456,-14.098,7.91765,-5.46515
60932,11.2825,-3.48255,8.99185,-13.0532,7.59,-4.74019
60948,9.84728,-3.36189,9.05757,-11.9653,7.89901,-4.52535
60964,9.32342,-3.24613,8.0393,-10.8057,7.45069,-4.13295
60986,8.61809,-3.52571,7.41734,-9.42251,6.77184,-3.91713
61004,7.41636,-3.30401,7.44088,-8.416,6.72377,-3.18825
61021,6.22052,-2.67421,6.26859,-6.98374,6.01157,-2.65459
61037,4.84222,-1.23115,5.15221,-5.66135,4.95307,-1.03692
61059,2.99794,0.605277,4.29286,-3.73957,4.01916,1.26451
61077,2.75465,1.24489,2.16703,-2.13956,2.1994,2.04539
61093,2.50253,1.97573,0.316863,-1.13796,0.515025,2.76642
61109,1.92963,3.65913,-1.38321,-0.567999,-1.48818,4.31836
61131,0.99081,4.94326,-3.56495,0.136359,-3.86612,6.04492
61148,-0.229554,5.5917,-4.87263,1.09872,-5.18459,6.56878
61165,-1.3165,5.4573,-4.88244,1.8796,-4.905,6.11457
61181,1.09578,3.9191,-4.73234,1.14679,-4.61168,4.5901
61203,2.28769,1.76874,-2.70952,-1.07616,-3.76017,3.08426
61220,3.9603,1.18701,-3.38249,-3.48647,-4.50573,1.85409
61236,5.66233,-2.56335,-3.55514,-5.10512,-4.8481,-1.86881
61253,7.60766,-9.1802,-3.13528,-6.94548,-4.14963,-9.82373
61274,10.2721,-13.3298,-6.97982,-7.022,-6.07533,-16.4504
61291,11.2678,-14.5796,-7.03083,-6.45204,-6.72476,-17.3441
61308,11.9447,-17.9268,-5.76043,-7.13678,-6.32058,-19.2011
61324,12.2262,-17.8405,-5.79771,-8.52685,-6.62862,-19.8741
61346,12.2792,-16.3209,-5.96546,-10.1308,-6.57074,-19.4905
61363,12.0212,-14.0028,-5.86736,-10.38,-6.31568,-17.7561
61380,11.6396,-11.3099,-4.89617,-10.1641,-5.43965,-14.145
61396,11.1294,-8.44935,-4.35466,-9.73348,-5.03547,-10.586
61418,10.2436,-4.95405,-3.14411,-9.81392,-4.492,-6.00764
61436,9.74231,-3.25103,-2.39266,-9.82864,-4.11628,-3.36581
61452,9.79038,-1.94336,-3.51296,-9.2832,-5.16987,-2.08364
61468,8.40325,-0.433602,-3.93872,-8.25806,-5.34351,-0.797553
61490,6.74928,1.16347,-6.29312,-6.45694,-6.94156,0.371799
61507,5.43866,1.0428,-6.61488,-5.30721,-6.9082,0.100062
61524,5.03351,1.06733,-6.90918,-4.60678,-7.33592,0.782838
61540,5.92426,0.538569,-6.85817,-4.67446,-7.80778,1.12913
61563,6.95431,-0.919197,-5.26012,-5.33075,-6.64824,-0.072594
61580,6.70121,-0.168732,-6.04983,-5.0237,-6.82089,-0.479709
61596,6.12929,0.624897,-6.80225,-4.64602,-7.09067,-0.400248
61612,5.11886,1.3891,-5.95173,-4.56852,-6.62862,0.820116
61634,4.34191,2.2357,-5.02272,-4.31051,-6.42653,2.65361
61651,3.93185,2.53883,-5.32094,-3.67777,-6.52267,3.03718
61668,3.57476,2.74582,-5.62996,-2.97832,-6.51776,3.03718
61684,3.26967,2.61535,-5.83008,-2.31222,-6.26761,2.69088
61706,2.03459,2.81253,-6.40495,-1.15758,-6.51286,2.72424
61723,1.73931,3.06759,-6.84444,-0.587619,-7.03769,2.98126
61739,1.68242,2.80762,-6.76498,-0.511101,-7.15345,3.23828
61756,1.83937,2.79389,-7.34867,-0.611163,-7.79405,3.26673
61778,1.72067,3.06759,-8.17565,-0.501291,-8.58277,3.26183
61795,1.25274,2.43779,-7.78816,-0.32373,-8.20312,2.65851
61812,0.872109,2.05814,-7.92354,0.020601,-8.19822,2.24649
61828,0.857394,1.54311,-8.20312,0.48069,-8.33261,1.81681
61850,0.895653,1.54802,-8.97909,0.802458,-8.90552,1.53625
61867,1.07714,1.92767,-9.02128,0.457146,-9.15567,1.82074
61884,1.07223,2.46133,-8.99773,0.141264,-9.51668,2.80762
61900,0.957456,3.51002,-9.46959,0.50031,-9.85316,3.61204
61922,1.05261,3.67875,-9.38523,1.04182,-9.34795,3.76704
61940,0.800496,4.02897,-9.36659,1.03692,-9.62263,4.37035
61956,1.05261,3.85631,-8.84862,0.475785,-9.35776,4.58519
61973,1.31552,4.64994,-9.54905,0.006867,-10.0307,5.14142
61995,2.13466,4.08685,-8.5347,-1.21546,-9.44507,4.75393
62012,1.84428,3.73074,-7.64297,-1.41166,-8.66517,4.5901
62029,1.38223,2.46133,-6.64333,-0.807363,-7.36044,3.67777
62045,0.914292,1.28315,-6.56878,-0.252117,-6.75909,2.13956
62189,-0.134397,-14.7336,-7.99319,3.12547,-6.60507,-15.8804
62206,0.405153,-14.6179,-7.58215,2.28279,-6.60017,-15.5577
62223,0.890748,-13.1611,-7.47914,1.77953,-6.57074,-14.3275
62239,0.710244,-11.4924,-7.46541,1.80798,-6.54719,-12.3861
62260,0.605277,-9.10858,-7.22212,1.74618,-6.67669,-9.45488
62277,0.738693,-7.1564,-6.97491,1.44894,-6.71495,-7.30845
62294,0.81423,-5.48281,-6.93763,1.11834,-6.84542,-5.41414
62310,0.762237,-4.2801,-6.97001,0.92214,-6.96118,-4.14669
62332,0.947646,-3.83767,-7.26921,0.677871,-7.27412,-3.47764
62349,0.81423,-3.10192,-8.06774,0.864261,-7.85585,-3.36091
62366,0.914292,-2.943,-8.00692,0.739674,-7.95689,-2.89297
62382,0.967266,-3.46293,-7.59196,0.596448,-7.78423,-3.18825
62404,1.03397,-3.24613,-8.2404,0.749484,-8.19331,-3.29518
62421,1.09087,-3.55907,-8.06382,0.802458,-8.0393,-3.39818
62438,1.36261,-4.0064,-8.21784,0.773028,-8.07265,-4.02014
62455,1.19093,-3.69347,-8.4366,0.759294,-8.39049,-3.67385
62477,1.36261,-3.32363,-8.50233,0.629802,-8.39049,-3.40309
62494,1.31062,-2.68402,-8.04911,0.462051,-8.12072,-2.79487
62510,1.12423,-1.74618,-7.62433,0.567018,-7.90882,-1.74226
62527,0.880938,-0.428697,-7.59196,0.668061,-7.77933,-0.349236
62549,0.880938,0.928026,-7.13383,0.624897,-7.50955,1.37242
62566,1.06733,1.90903,-7.05928,0.279585,-7.38889,2.37794
62582,0.962361,2.68794,-7.55861,0.145188,-8.12562,3.24809
62599,1.34888,2.41326,-7.40949,-0.175599,-8.1786,3.14901
62621,1.83447,1.81289,-6.85817,-0.682776,-7.64395,2.75171
62638,2.26807,1.03299,-6.50305,-1.03299,-7.19171,1.82564
62655,1.96298,0.220725,-6.59624,-0.803439,-7.13383,0.740655
62671,1.68732,-0.726921,-6.48441,-0.467937,-6.76792,-0.133416
62693,1.65397,-1.54409,-6.86308,-0.074556,-6.81599,-1.4666
62710,2.0444,-3.11664,-6.68552,-0.189333,-6.52757,-2.75269
62727,1.89627,-4.96288,-6.47951,-0.318825,-6.26761,-4.72646
62744,2.45937,-7.80974,-6.14793,-0.252117,-5.81537,-7.34082
62767,2.68794,-11.4973,-6.67571,0.020601,-5.89679,-11.9378
62784,2.93613,-12.3675,-7.14757,0.226611,-6.15185,-13.3779
62800,2.91651,-12.3537,-7.71753,0.141264,-6.86504,-13.3779
62817,3.62676,-13.4397,-7.47522,-0.54936,-7.15345,-13.9067
62839,4.595,-14.9259,-7.59196,-1.86684,-7.57724,-15.9501
62856,5.38079,-15.388,-7.86762,-2.41718,-7.65376,-16.8575
62873,5.63879,-15.9216,-8.10502,-2.21608,-7.693,-17.4942
62889,5.56718,-16.6044,-7.69889,-2.16899,-7.41342,-18.0926
62911,5.74376,-16.6093,-7.01219,-2.82037,-6.86013,-18.1063
62929,6.67276,-16.8114,-6.10574,-3.80236,-6.05571,-18.3967
62945,7.35946,-17.9464,-4.12511,-4.73627,-3.96226,-19.7573
62962,6.78754,-17.4461,-3.18629,-4.61659,-2.18567,-20.2675
62984,5.07569,-10.9872,-2.97635,-3.20787,-1.3577,-13.3122
63001,4.08979,-5.69372,-1.95808,-2.88218,-1.09283,-6.22837
63017,4.88048,1.44207,-1.81289,-4.31542,-2.08462,1.33907
63034,5.22873,8.7515,-2.89689,-6.299,-4.56852,9.58045
63056,4.595,16.2346,-6.39612,-6.557,-8.93887,17.3578
63073,4.16533,18.9127,-8.61907,-5.26797,-11.5572,20.8237
63089,4.40861,19.2394,-9.2214,-4.62149,-12.3802,21.6006
63105,5.44357,16.9988,-7.52623,-5.42199,-11.0804,19.8603
63127,6.43438,11.8868,-4.38703,-6.76792,-7.60079,14.767
63144,7.13579,7.83329,-2.29848,-7.52525,-3.96226,9.08896
63161,6.61586,5.91935,-0.747522,-7.12697,-1.73343,6.70415
63178,5.50047,3.95245,1.77463,-6.32254,0.861318,5.26307
63200,4.88538,-0.471861,6.30587,-6.11654,5.1787,2.73797
63217,5.22382,-4.47238,6.35296,-6.2215,6.94548,-2.30829
63233,5.27189,-7.01219,5.9272,-5.73787,7.50857,-6.11555
63250,4.81377,-12.6274,7.0583,-5.14829,8.68283,-11.8299
63270,4.91873,-18.9127,5.66135,-4.00837,8.01379,-18.6213
63288,5.37686,-27.1835,3.90438,-3.24613,6.52659,-28.653
63304,5.91053,-32.1415,0,-2.55158,3.60518,-35.7486
63320,6.55897,-33.9593,-1.78934,-2.50842,1.42932,-39.0968
63465,7.30649,-6.46381,5.69372,-6.38435,7.68221,-4.51652
63482,7.67829,-4.61659,5.77319,-7.70281,6.26172,-3.04797
63499,7.37418,-1.85703,4.66171,-8.22961,5.27484,-1.32141
63515,7.04947,0.518949,1.98947,-8.17664,2.74778,0.777933
63537,7.24959,0.456165,3.06857,-8.70343,2.78212,1.61571
63554,7.60275,1.83643,2.88218,-8.36401,2.94987,2.39168
63571,6.49226,5.46221,1.83055,-6.46185,2.30535,6.05375
63587,5.03842,9.85807,0.424773,-6.16951,0.417906,10.9646
63609,10.7959,11.5454,1.14385,-10.7106,0.096138,12.1389
63626,16.0639,15.8353,-0.332559,-15.4105,-1.28119,14.87
63643,21.4211,23.7402,-0.369837,-20.5421,-1.81976,21.1788
63659,28.605,33.0028,1.50878,-29.9323,-2.67715,31.5529
63681,49.5071,41.048,5.34841,-53.2703,-5.24737,40.2985
63698,63.8268,46.9291,5.12867,-67.1455,-8.77995,44.4383
63715,70.6477,53.127,4.91873,-75.5448,-9.99737,49.9103
63731,75.1524,58.7344,9.78155,-84.4994,-8.1786,57.4307
63753,88.1654,62.2788,24.1738,-98.1932,4.09567,59.7507
63770,142.679,40.894,32.013,-109.932,41.5836,53.1751
63787,76.2914,72.8245,20.7688,-71.7651,67.9961,53.0996
63803,10.5389,47.6746,-93.4471,6.35001,92.6839,46.3277
63825,-62.6251,1.4715,-152.7,67.7596,12.2448,5.34743
63842,-68.7034,19.4611,-152.7,25.1273,35.9468,-1.37831
63859,-70.0091,-8.47878,-152.7,23.5558,-1.03496,-0.797553
63875,-63.7601,-27.3807,-152.7,42.1693,9.48725,0.394362
63897,-63.2353,-13.2043,-152.7,23.8,13.8478,1.79817
63914,-65.2659,-13.3779,-152.7,38.9163,12.2978,0.595467
63931,-63.3353,-7.60766,-152.7,35.0158,16.6064,1.52153
63947,-62.4348,-1.1978,-152.7,28.8159,9.39602,1.83055
63970,-63.0587,5.19341,-152.7,29.3819,13.2033,-0.311958
63987,-62.1964,-13.9018,-152.7,30.9672,14.0263,-1.46169
64003,-60.8897,-26.6695,-152.7,31.7246,12.7844,0.071613
64020,-59.6889,-19.3551,-152.7,30.4071,12.4567,2.34459
64041,-59.7841,3.89457,-152.7,28.4902,12.5293,2.4525
64058,-61.1241,6.14989,-152.7,31.0437,13.7811,0.193257
64075,-61.0476,-7.53604,-152.7,30.9623,11.6768,-1.01337
64092,-58.1399,-18.6527,-152.7,30.0049,10.8969,0.001962
64113,-56.8333,-6.39612,-152.7,24.7869,11.0657,1.2135
64131,-57.4385,-3.74153,-152.7,29.9754,14.715,0.277623
64147,-57.105,-12.5597,-152.7,29.4584,13.8772,0.109872
64164,-56.1475,-14.3491,-152.7,30.0569,9.51079,1.27432
64186,-54.369,1.56764,-152.7,25.2804,11.5621,1.53625
64203,-55.7228,2.76936,-152.7,27.4366,10.6517,0.025506
64220,-55.7561,-7.46345,-152.7,28.6344,13.5398,-1.19584
64236,-55.0988,-18.3741,-152.7,26.9814,10.7478,-0.540531
64258,-52.5002,-14.0793,-152.7,26.4497,10.998,1.54017
64275,-52.61,-0.856413,-149.915,24.6525,10.7292,1.69517
64292,-53.3017,1.3891,-148.182,27.5661,12.6206,0.230535
64308,-53.4017,-5.56914,-148.887,26.3869,11.1432,-0.484614
64330,-51.8861,-13.373,-147.626,26.7038,10.1847,0.226611
64348,-50.3508,-6.90134,-145.085,22.8033,9.86199,0.993753
64364,-50.5176,-2.8812,-142.305,25.1558,10.9597,0.610182
64381,-50.8178,-5.3386,-142.384,25.3382,12.6451,-0.021582
64403,-50.1742,-13.0895,-142.81,26.9765,8.97713,0.310977
64420,-49.0686,-8.67106,-141.301,24.317,10.8351,1.03594
64437,-48.9117,-1.66868,-139.049,22.4011,9.09191,0.997677
64453,-49.0735,0.331578,-137.068,25.1754,11.2874,0.100062
64475,-48.9686,-8.68479,-137.694,23.5695,9.68443,-0.47088
64493,-48.0916,-13.9881,-136.802,25.4864,9.30871,0.184428
64509,-46.8712,-9.62753,-134.976,22.3384,9.99737,1.02613
64526,-46.8477,-3.13626,-132.719,22.9466,9.0252,1.17131
64548,-46.9232,-0.841698,-131.552,23.2301,10.9117,0.044145
64566,-46.8477,-6.9445,-131.243,23.7804,9.06836,-0.330597
64582,-45.8127,-10.6419,-130.309,23.546,9.7276,-0.002943
64598,-44.8023,-9.01245,-128.66,21.5241,8.86137,0.600372
64742,-42.3812,-5.56914,-118.771,20.6903,8.46211,-0.180504
64759,-41.8328,-7.79993,-117.453,20.8963,8.50527,-0.236421
64775,-40.8645,-7.9304,-116.122,19.8329,8.21588,0.174618
64792,-40.2259,-5.65056,-114.478,19.8613,8.2355,0.385533
64814,-39.9257,-3.61695,-112.861,19.2531,8.43758,0.250155
64832,-39.5402,-4.18887,-111.819,19.2767,8.40913,-0.101043
64848,-39.3155,-6.19894,-110.983,19.3443,8.29828,-0.251136
64865,-38.9104,-7.55468,-109.979,19.0569,8.23059,-0.101043
64885,-38.3247,-7.45854,-108.685,19.0088,8.11974,0.104967
64903,-37.9529,-5.91543,-107.536,18.7312,8.08148,0.366894
64919,-37.2662,-4.28501,-106.593,18.4673,7.8892,0.34335
64935,-37.0563,-3.26084,-105.261,18.1701,8.06676,0.13734
64957,-37.38,-3.79941,-104.042,18.1465,8.4572,-0.194238
64974,-36.5795,-7.04064,-103.696,18.4045,7.538,-0.16677
64991,-36.0361,-7.12206,-102.584,17.9837,7.23389,0.03924
65007,-35.6123,-5.18459,-101.486,17.1067,7.3163,0.226611
65029,-35.421,-3.04404,-99.7952,17.3559,7.64788,-0.040221
65046,-35.1404,-3.57869,-98.7023,17.0253,7.36437,-0.152055
65063,-35.0207,-5.14142,-97.8518,17.5089,7.26332,-0.437526
65079,-34.6489,-6.84346,-97.0111,16.9723,6.94548,-0.241326
65102,-33.4904,-6.11752,-95.7221,16.5985,6.59919,0.03924
65119,-33.3334,-4.53516,-94.5959,16.1296,6.52169,0.14715
65136,-33.1382,-2.71247,-93.246,16.1914,6.86798,-0.138321
65152,-33.0901,-3.05385,-92.5122,15.5685,7.35456,-0.35316
65175,-32.7046,-5.24246,-91.3497,16.0433,6.8876,-0.410058
65192,-32.0944,-6.63156,-90.4619,15.799,6.41574,-0.349236
65208,-31.4263,-6.454,-89.5977,15.5204,6.1028,-0.148131
65225,157.966,-157.527,153.442,-157.824,130.634,-152.028
65247,-51.1376,2.47114,1.89627,43.4867,-21.4917,24.4858
65264,15.492,-61.9609,-29.0788,-4.492,-23.4606,-38.5965
65280,0.947646,-23.13,4.10548,27.7476,18.3339,-17.8208
65297,6.38239,-32.3583,-20.189,-0.051012,-21.4584,-35.884
65319,0.337464,-33.9446,-19.4935,0.90252,-22.5267,-29.8459
65336,-9.46273,-24.8085,-12.5794,13.8723,-12.1203,-21.1935
65352,-1.21154,-13.1611,-9.58143,5.62702,-8.48663,-15.595
65369,1.89627,-8.08933,-6.70415,0.835812,-3.97207,-12.2978
65391,2.20627,-6.23229,-12.65,-0.793629,-10.9166,-8.2247
65408,1.36261,-5.3955,-16.0462,0.106929,-16.418,-4.54399
65425,0.242307,-7.20937,-17.5403,3.28341,-18.3731,-4.81082
65441,-1.28315,-6.08318,-17.4706,4.52928,-17.6168,-5.2974
65463,-1.66378,-5.93015,-16.2463,5.72217,-15.5861,-5.32487
65481,0.400248,-6.17539,-16.0129,3.97403,-15.5381,-5.76534
65497,1.12423,-7.17013,-16.3827,2.73797,-16.163,-6.66786
65514,-1.13502,-8.99283,-15.6116,4.23301,-15.3791,-8.23942
65536,-2.59376,-9.47352,-15.4576,5.54559,-14.6856,-9.26751
65553,-2.63693,-9.55592,-14.4207,5.92818,-13.7517,-9.11349
65569,-1.39204,-9.80608,-13.168,4.62542,-12.6686,-9.3146
65586,-0.476766,-10.4879,-12.0094,3.78176,-11.6386,-10.17
65608,0.095157,-11.2138,-13.1591,3.2216,-12.9139,-10.5722
65626,-0.634707,-11.2089,-14.2706,3.71505,-14.301,-10.1789
65642,-1.95513,-9.9493,-15.2192,5.4112,-14.7915,-8.80448
65659,-3.42271,-8.83881,-14.5139,6.81501,-13.6271,-8.22078
65681,-2.95085,-6.90134,-13.2474,6.4128,-11.9711,-6.95725
65698,-1.02024,-5.81439,-11.874,4.57244,-11.1236,-5.71334
65715,-2.90376,-5.42984,-10.6134,5.01389,-10.2044,-4.46944
65731,-2.20725,-4.41941,-10.3515,4.38605,-10.1465,-3.49628
65753,-1.42147,-2.42405,-9.24494,4.18985,-8.87707,-1.82662
65770,-0.915273,-1.63533,-7.68025,2.61829,-7.16817,-1.73343
65787,0.337464,-0.73575,-6.25976,1.65004,-5.52597,-1.35476
65803,1.38223,-1.03005,-5.75062,0.749484,-5.57502,-0.976095
65824,-0.214839,-1.29394,-5.98018,1.78444,-5.37196,-1.52251
65841,-1.32043,-1.99633,-6.09692,2.25826,-6.34511,-0.839736
65858,-2.84588,-2.01497,-5.53186,3.3511,-5.71923,-0.629802
65874,-2.54079,-1.57254,-5.69961,3.6915,-5.24737,-0.984924
65896,-2.47408,-0.072594,-4.91481,3.6866,-3.77391,-0.129492
65914,-2.6075,-0.702396,-5.23265,3.46097,-4.35172,-0.531702
65930,-5.23952,-1.98162,-6.62469,5.4161,-5.92622,-0.929007
65946,-2.1739,-1.50093,-7.99319,4.80298,-7.23488,-1.27922
66085,-5.35822,-2.36617,-10.8979,7.31336,-9.68541,-1.69124
66102,-2.33576,-1.35672,-10.0386,5.09041,-9.40092,-0.680814
66119,-0.104967,-1.64514,-11.0804,2.10523,-10.9313,-0.615087
66135,-0.086328,-3.83277,-10.9588,1.48229,-11.1383,-3.48255
66157,-1.87371,-4.905,-9.59124,2.97734,-9.83845,-3.88476
66175,-2.79389,-7.3006,-8.87609,4.079,-9.19393,-5.23167
66191,-1.89333,-8.6897,-8.65634,3.8877,-8.55432,-6.77969
66207,2.07776,-5.41021,-11.6876,2.12485,-9.79627,-5.20813
66229,-10.4104,-12.5313,-7.82544,15.7843,-3.43252,-11.8956
66246,-2.91749,-9.11349,-9.93557,5.45436,-9.00656,-8.66419
66262,-1.38713,-9.72367,-12.136,3.63853,-11.8554,-8.66419
66279,-0.17658,-9.57456,-12.2341,2.86256,-11.7691,-9.12722
66301,2.21117,-9.50785,-10.7949,2.46918,-10.2142,-9.6138
66318,0.457146,-10.4486,-10.3515,2.60848,-10.122,-9.75016
66334,0.042183,-9.31558,-10.5614,2.32595,-10.6419,-8.38853
66351,-1.807,-9.38228,-9.82373,4.11726,-9.1851,-8.40227
66373,-1.40675,-6.21365,-8.88982,4.22811,-8.28455,-5.90954
66390,-1.70694,-4.43412,-6.89054,3.65324,-5.94486,-4.34289
66407,-1.44501,-2.75563,-5.39158,3.16373,-4.15454,-3.13626
66423,-1.82662,-2.79487,-3.54141,2.91455,-2.75367,-2.58494
66445,-1.81191,-2.16899,-1.76188,2.09051,-1.27628,-1.99535
66462,-0.681795,-1.18309,-0.766161,0.840717,-0.476766,-1.68143
66479,0.175599,-1.24097,-0.360027,1.51565,0.192276,-2.24355
66495,0.328635,-1.45777,0.905463,-0.678852,1.36653,-2.27102
66517,0.557208,-2.72718,1.06929,-0.616068,1.28511,-3.17844
66535,0.628821,-4.39586,0.891729,-0.611163,0.985905,-4.52535
66551,1.27236,-5.59268,-0.309015,-0.592524,-0.01962,-6.00764
66567,1.62454,-6.06945,-0.664137,-1.1772,-0.524835,-6.66295
66589,0.518949,-7.53604,-1.1772,-0.031392,-0.929988,-7.59785
66607,0.095157,-9.10858,-1.17328,1.07518,-1.23312,-8.77701
66623,0.123606,-8.98302,-1.41166,1.08008,-1.38223,-8.70637
66640,0.65727,-8.78584,-1.59314,0.787743,-1.26647,-8.89865
66662,-0.062784,-13.5368,-2.61633,1.14188,-1.44894,-9.6089
66680,-1.87371,-10.7567,-2.6075,2.91455,-2.11406,-10.4732
66696,-2.26513,-10.7518,-3.17255,3.47568,-2.79193,-10.1887
66712,-1.52153,-11.0363,-3.71897,3.21179,-3.42761,-10.4221
66735,-0.410058,-10.3486,-3.67188,2.33086,-3.19217,-10.1838
66752,-0.338445,-10.3966,-3.33148,1.962,-3.01854,-10.118
66768,-0.629802,-10.5497,-3.06072,2.06206,-2.93711,-10.2308
66785,-0.104967,-10.5889,-2.63987,1.67849,-2.5712,-10.3613
66807,-0.329616,-10.5114,-2.73797,1.67849,-2.65262,-10.015
66824,0.028449,-10.0405,-2.56532,1.37732,-2.30633,-9.95028
66842,0.395343,-9.50295,-2.52804,1.23312,-2.21019,-9.55298
66858,0.161865,-9.32931,-2.42013,1.21448,-2.18076,-9.23023
66880,-0.434583,-9.54611,-2.47604,1.63533,-2.25336,-9.29596
66897,-0.406134,-9.66187,-2.59278,1.65495,-2.33478,-9.55298
66913,-0.591543,-10.0503,-2.74288,1.88941,-2.59965,-9.58143
66930,-0.276642,-9.65206,-3.06072,1.86096,-2.75367,-9.50197
66952,-0.104967,-9.55102,-3.16274,1.8845,-2.90768,-9.6089
66969,-0.486576,-9.89142,-3.19119,2.00418,-2.88904,-9.67953
66985,-0.715149,-9.80608,-3.25202,2.05225,-2.81645,-9.64225
67002,-0.672966,-9.70994,-3.21866,1.94238,-2.90278,-9.58143
67024,-0.138321,-9.6138,-3.33148,1.56862,-3.14901,-9.05267
67042,0.013734,-9.14684,-3.22847,1.58333,-2.81155,-9.27732
